{"cameraMode":{"drawMode":0,"name":"Shaded","section":"Shading Mode"},"sceneLighting":true,"audioPlay":false,"sceneViewState":{"m_AlwaysRefresh":false,"showFog":true,"showSkybox":true,"showFlares":true,"showImageEffects":true,"showParticleSystems":true,"showVisualEffectGraphs":true,"m_FxEnabled":true},"in2DMode":false,"pivot":{"x":-14.053980827331543,"y":-5.630566120147705,"z":19.217208862304689},"rotation":{"x":0.0007997114444151521,"y":0.755562961101532,"z":0.0008863694383762777,"w":-0.6550300121307373},"size":2.890933036804199,"orthographic":false}