{"cameraMode":{"drawMode":0,"name":"Shaded","section":"Shading Mode"},"sceneLighting":true,"audioPlay":false,"sceneViewState":{"m_AlwaysRefresh":false,"showFog":true,"showSkybox":true,"showFlares":true,"showImageEffects":true,"showParticleSystems":true,"showVisualEffectGraphs":true,"m_FxEnabled":true},"in2DMode":false,"pivot":{"x":1.4378983974456788,"y":-1.827850341796875,"z":17.576793670654298},"rotation":{"x":0.11554586887359619,"y":0.0014848561258986593,"z":-0.00018097054271493107,"w":0.9932782649993897},"size":18.218055725097658,"orthographic":false}