{"cameraMode":{"drawMode":0,"name":"Shaded","section":"Shading Mode"},"sceneLighting":true,"audioPlay":false,"sceneViewState":{"m_AlwaysRefresh":false,"showFog":true,"showSkybox":true,"showFlares":true,"showImageEffects":true,"showParticleSystems":true,"showVisualEffectGraphs":true,"m_FxEnabled":true},"in2DMode":false,"pivot":{"x":-3.8900508880615236,"y":-2.3920507431030275,"z":6.217714309692383},"rotation":{"x":0.26627081632614138,"y":-0.05634056404232979,"z":0.015592644922435284,"w":0.9621211886405945},"size":10.449999809265137,"orthographic":false}